subset,n_subjects,delta_difference_pp,p_change_score,beta_pp_per_day,p_trend
prj1,384,-1.0559890122166395,0.01266293487410829,-0.07542778658693973,0.02410456291783065
prj3,272,-0.5829541675187303,0.19613985467022266,-0.0416395833941477,0.2861942795230109
all projects,656,-0.8594069358164382,0.0061797722007178885,-0.061386209701288004,0.015635826982822922
