population,n_responder,n_non_responder,median_responder,median_non_responder,difference_pp,u_statistic,cliffs_delta,p_value,q_value,significant_raw,significant_bh
cd4_t_cell,993,975,30.22056448672133,29.657607004517313,0.6355465655960302,515276.0,0.06442740207090658,0.013344218813937624,0.06672109406968811,True,False
b_cell,993,975,9.432277716506485,9.788394525529014,-0.1987670971050033,459971.0,-0.04981847290004393,0.055702309738266245,0.1392557743456656,False,False
nk_cell,993,975,14.509281611587447,14.799142593764923,-0.23222194378618077,464546.0,-0.040367702119967985,0.1210507982042857,0.20175133034047618,False,False
monocyte,993,975,19.60969754287689,19.942332781511407,-0.14256476227569337,466510.0,-0.03631058434683809,0.16315013268752876,0.20393766585941095,False,False
cd8_t_cell,993,975,24.728022127013396,24.603067146867414,-0.061992762429149195,478176.0,-0.012211635293206236,0.6390858847346418,0.6390858847346418,False,False
