cohort,role,n_subjects,delta_difference_pp,p_change_score,beta_pp_per_day,p_trend
melanoma/miraclib/PBMC,index cohort,656,-0.8594069358164382,0.0061797722007178885,-0.061386209701288004,0.015635826982822922
melanoma/phauximab/PBMC,"same disease, different drug",591,-0.4773847633503092,0.2623039993144032,-0.03409891166792614,0.19118045810485595
carcinoma/miraclib/PBMC,"same drug, different disease",487,-0.05567666222750425,0.7413009102627677,-0.003976904444817518,0.8957536399907735
melanoma/miraclib/WB,"same drug and disease, different sample type",229,-0.39755871911181695,0.6395380532529982,-0.02839705136514201,0.5119574910255438
