population,n_responder,n_non_responder,mean_delta_responder,mean_delta_non_responder,difference_pp,u_statistic,cliffs_delta,p_value,q_value,significant_raw,significant_bh
b_cell,331,325,-0.5268399729227086,0.33256696289372967,-0.8594069358164382,47142.0,-0.12355101092261211,0.0061797722007178885,0.03089886100358944,True,True
cd4_t_cell,331,325,0.9164706299770051,0.3282266897087029,0.5882439402683022,57678.0,0.07233093190797124,0.10896045552122537,0.2724011388030634,False,False
nk_cell,331,325,-0.5732380185048984,-0.21087112396214894,-0.3623668945427495,52306.0,-0.027543574250522895,0.541696649061832,0.7224479931263318,False,False
monocyte,331,325,-0.027656409168602455,-0.3781554719901311,0.35049906282152865,55046.0,0.023397629560771627,0.6042059346043192,0.7224479931263318,False,False
cd8_t_cell,331,325,0.21126377061920454,-0.07176705665015272,0.28303082726935724,54650.0,0.016035324192423817,0.7224479931263318,0.7224479931263318,False,False
