features,n_subjects,auc_mean,auc_sd
baseline only (t=0),656,0.4778422572452423,0.043052091336946006
change from baseline (t14 - t0),656,0.5452819816998922,0.021648700502802688
all three timepoints,656,0.5291646661795916,0.03576932105972013
