population,p_interaction,q_interaction,significant_bh
b_cell,0.039524813621094994,0.19762406810547495,False
cd4_t_cell,0.2671360932958757,0.6678402332396891,False
nk_cell,0.5200829790316671,0.8526679505185656,False
monocyte,0.7653126546435656,0.8526679505185656,False
cd8_t_cell,0.8526679505185656,0.8526679505185656,False
