population,icc,autocorr_first_last,between_subject_sd,within_subject_sd,effective_obs_per_subject
b_cell,0.0,-0.020269005677520362,1.8226529315340443,3.2560505682872174,3.0
cd8_t_cell,0.0,0.042381217237967166,2.6750056755166014,4.693734427158203,3.0
cd4_t_cell,0.0,-0.005783207632673535,2.8730629088401054,5.056465486663872,3.0
nk_cell,0.0,-0.02579050930456022,2.1405600858587306,4.07479331790606,3.0
monocyte,0.0,-0.05818000465324589,2.4314467332584515,4.403468048766678,3.0
